name,address,webpage,phone
Drogas Calidad,Cl. 54 #47-29,www.drogascalidad.com.co,(+57) 604 2516156
FARMACIA HOMEOPÁTICA SANTA RITA LTDA.,Cr5 11 - 09,www.farmaciahomeopaticasantarita.com,(+57) 601 3421055
Serka,Central Mayorista Bloq-13 Lc-54,serka.com.co,(+57) 604 5400030
L y F Ltda.,Cl 65 55-63,lyf.com.co,(+57) 604 2130202
TECNOQUIMICAS S.A.,Cl 23 7-34,www.tqconfiable.com,(+57) 602 8825555
Antioqueña de Químicos,Cr56 B 49-85,antioquenadequimicos.com,(+57) 604 4480133
Droguería López De Mesa,Cr75 80 C-22,www.droguerialopezdemesa.com,(+57) 320 7509414
Oxisalud S.A.S.,Cl 29 65-46 Barrio Trinidad,www.oxisalud.com.co,(+57) 315 5883576
BOMBA ESTACIÓN DE SERVICIO LA TRACTOMULA,Variante La Romelia El Pollo Km 12,www.estacionesdeservicios.com,(+57) 321 6444487
PRODUCTOS INDUSTRIALES Y DESECHABLES,Cra 21 52 - 10,www.productosindustrialesydesechables.com,(+57) 318 5114418
Servicios Integrales Manos Activas S.A.S.,Calle 47D #81A-23,www.manosactivas.com,(+57) 350 4445383
Extintores Ltda.,Cl 79 29b - 41,www.extintoresltda.com,(+57) 320 9119288
CAMELL EXTINTORES LTDA.,Cl 79 29b - 41,www.camellextintores.com,(+57) 320 9119288
SENDERO DEL SER,Cl 106 54-81,www.senderodelser.com,(+57) 317 6568650
Droguería Farma Ofertas,Cl 39 90-08,www.farmaofertas.com.co,(+57) 323 5931537
